1	CRYOLIFE	2010043002	UCB2010-0352
2	CRYOLIFE	1088004962	UCB2010-0369
3	CRYOLIFE	2010044001	UCB2010-0370
4	CRYOLIFE	2010059001	UCB2010-0372
5	CRYOLIFE	1088004961	UCB2010-0373
6	CRYOLIFE	2010054001	UCB2010-0374
7	CRYOLIFE	1088004967	UCB2010-0378
8	CRYOLIFE	2010053001	UCB2010-0379
9	CRYOLIFE	2010053004	UCB2010-0380
10	CRYOLIFE	2010047010	UCB2010-0381
11	CRYOLIFE	2010049001	UCB2010-0382
12	CRYOLIFE	2010043004	UCB2010-0383
1	CRYOLIFE	2010057001	UCB2010-0384
2	CRYOLIFE	2010045025	UCB2010-0385
3	CRYOLIFE	2010046001	UCB2010-0386
4	CRYOLIFE	2010045021	UCB2010-0387
5	CRYOLIFE	2010045005	UCB2010-0389
6	CRYOLIFE	2010052005	UCB2010-0390
7	CRYOLIFE	1088004974	UCB2010-0391
8	CRYOLIFE	1088004935	UCB2010-0392
9	CRYOLIFE	1088004973	UCB2010-0394
10	CRYOLIFE	2010047009	UCB2010-0395
11	CRYOLIFE	2010057006	UCB2010-0396
12	CRYOLIFE	2010035006	UCB2010-0397
1	CRYOLIFE	2010052003	UCB2010-0398
2	CRYOLIFE	2010035018	UCB2010-0399
3	CRYOLIFE	2010037016	UCB2010-0400
4	CRYOLIFE	2010037020	UCB2010-0401
5	CRYOLIFE	2010054003	UCB2010-0402
6	CRYOLIFE	2010035003	UCB2010-0403
7	CRYOLIFE	2010032014	UCB2010-0405
8	CRYOLIFE	2010053005	UCB2010-0406
9	CRYOLIFE	2010055008	UCB2010-0407
10	CRYOLIFE	1088004958	UCB2010-0408
11	CRYOLIFE	2010059002	UCB2010-0409
12	CRYOLIFE	2009125060	UCB2010-0410
1	CRYOLIFE	2010057008	UCB2010-0411
2	CRYOLIFE	2009117014	UCB2010-0412
3	CRYOLIFE	1088004965	UCB2010-0413
4	CRYOLIFE	2010015004	UCB2010-0414
5	CRYOLIFE	2010015003	UCB2010-0415
6	CRYOLIFE	2010059004	UCB2010-0416
7	CRYOLIFE	2010035022	UCB2010-0417
8	CRYOLIFE	2010055015	UCB2010-0418
9	CRYOLIFE	2010032011	UCB2010-0419
10	CRYOLIFE	2010057004	UCB2010-0420
11	CRYOLIFE	1088004976	UCB2010-0421
12	CRYOLIFE	2010055006	UCB2010-0422
1	CRYOLIFE	2010059005	UCB2010-0423
2	CRYOLIFE	2010017021	UCB2010-0424
3	CRYOLIFE	2010055012	UCB2010-0425
4	CRYOLIFE	2010059003	UCB2010-0426
5	CRYOLIFE	2010046002	UCB2010-0427
6	CRYOLIFE	2010055013	UCB2010-0428
7	CRYOLIFE	2010057011	UCB2010-0430
8	CRYOLIFE	2010055017	UCB2010-0431
9	CRYOLIFE	2010055021	UCB2010-0432
10	CRYOLIFE	2010055020	UCB2010-0433
11	CRYOLIFE	2010056001	UCB2010-0434
12	CRYOLIFE	2010051001	UCB2010-0435
1	CRYOLIFE	2010055018	UCB2010-0436
2	CRYOLIFE	2010043001	UCB2010-0437
3	CRYOLIFE	2010045022	UCB2010-0439
4	CRYOLIFE	2010055016	UCB2010-0440
5	CRYOLIFE	2010047001	UCB2010-0441
6	CRYOLIFE	2010055022	UCB2010-0442
7	CRYOLIFE	2010055019	UCB2010-0443
8	CRYOLIFE	2010054002	UCB2010-0444
9	CRYOLIFE	2010067001	UCB2010-0446
10	CRYOLIFE	2010055002	UCB2010-0447
11	CRYOLIFE	2010055005	UCB2010-0448
12	CRYOLIFE	2010053008	UCB2010-0449
1	CRYOLIFE	2010055011	UCB2010-0450
2	CRYOLIFE	2010058006	UCB2010-0451
3	CRYOLIFE	2010035016	UCB2010-0452
4	CRYOLIFE	1088004980	UCB2010-0453
5	CRYOLIFE	2010066001	UCB2010-0454
6	CRYOLIFE	2010055009	UCB2010-0455
7	CRYOLIFE	2010047015	UCB2010-0456
8	CRYOLIFE	2010042004	UCB2010-0457
9	CRYOLIFE	2010042005	UCB2010-0458
10	CRYOLIFE	2010067002	UCB2010-0459
11	CRYOLIFE	2010045013	UCB2010-0460
12	CRYOLIFE	2010052002	UCB2010-0461
1	CRYOLIFE	2010065012	UCB2010-0462
2	CRYOLIFE	2010064002	UCB2010-0464
3	CRYOLIFE	2010051003	UCB2010-0465
4	CRYOLIFE	2010059007	UCB2010-0466
5	CRYOLIFE	2009127007	UCB2010-0467
6	CRYOLIFE	2010053006	UCB2010-0468
7	CRYOLIFE	2010045017	UCB2010-0469
8	CRYOLIFE	2010037015	UCB2010-0470
9	CRYOLIFE	2010051002	UCB2010-0471
